id,name
279218500,Ship of Theseus - NXB Trẻ
279112904,Thám Tử Lừng Danh Conan - Tập 107
278997061,Sách Tô Màu Phát Triển Trí Não Bộ Cho Bé 1-5 Tuổi - [Từ Tập 11 - Tập 20] - Chọn Tập Lẻ
278967562,Monster - Deluxe Edition –  [Chọn Tập Lẻ
278856619,Sách Cô Bé Hàng Xóm Và Bốn Viên Kẹo (Nguyễn Nhật Ánh) - 2 phiên bản & quà tặng kèm
278790552,Bộ Truyện One Piece [Chọn Tập Lẻ
278785576,Sách Dragon Ball - 7 Viên Ngọc Rồng [Chọn Tập Lẻ
278777861,Bộ Sách Quiz! Khoa Học Kì Thú [Chọn Tập Lẻ
278777851,Sách Ma Đạo Tổ Sư - Tái Bản 2025
278715265,Sách Hà Thanh Hải Yến - Ngang Qua Ngõ Nhỏ Bình An
278710197,Rắc Rối Đáng Yêu - Love☆Com
278684154,Nữ Binh Thần Tốc
278638861,Sách IELTS Writing: Viết Luận “Chất Như Nước Cất”
278523761,Siêu Quậy Teppei Tập 1 – Tập 31
278496130,Thanh Gươm Diệt Quỷ
278275166,Hoa Thơm Kiêu Hãnh (Chọn tập lẻ)
278123405,Sobotei Dinh Thự Ma Ám (Chọn tập lẻ)
278070702,Sách Anh Em Bình Thường
277962612,Sách Thiên Quan Tứ Phúc
277228103,Sách Husky Và Sư Tôn Mèo Trắng Của Hắn
276948798,"Sách Lên Đỉnh Núi Mở Tiệm Bánh Mì - Triết lí Wazawaza: Những con người hạnh phúc, 2 loại bánh mì, và doanh thu thường niên 300 triệu Yên"
276933752,Combo Giáo Trình Chuẩn HSK 3 - Sách Bài Học và Bài tập (Bộ 2 cuốn)
276933744,Combo Giáo Trình Chuẩn HSK 1 - Sách Bài Học và Bài tập (Bộ 2 cuốn)
276659602,Series các tập Claymore
276657645,Sách Hệ Thống Tự Cứu Của Nhân Vật Phản Diện (Tái bản)
276425570,Thám Tử Lừng Danh Conan (Bản Nâng Cấp) - [Chọn Tập Lẻ
276078455,Series các tập Gachiakuta
274363543,Sách Con Đường Chẳng Mấy Ai Đi
272155345,Sách Kính Vạn Hoa Chết Chóc
271162836,Sách Beartown 2: Chúng tôi đấu với các bạn
249876840,"Sách Beartown - Thị trấn nhỏ, giấc mơ lớn"
210277880,Sách Con người và Biểu tượng - Man and his symbols
205942263,Sách Tận Hưởng Hành Trình Nuôi Con Sữa Mẹ
202879294,Sách Người Đàn Ông Mang Tên Ove (Tái Bản 2022)
165030729,Sách Những Kẻ Âu Lo
115078652,Sách Huấn Luyện Cảm Xúc Để Con Trẻ Phát Triển Toàn Diện
50322710,Sách 48 Nguyên Tắc Chủ Chốt Của Quyền Lực (Tái Bản 2020)
13920941,Combo Doraemon - Truyện Dài (Trọn Bộ 24 Cuốn) - Tái Bản
1647103,Sách Bà Ngoại Tôi Gửi Lời Xin Lỗi
540040,Sách Giáo Trình Chuẩn HSK 1 - Bài Tập (Kèm file MP3)
279157961,Hikaru - Kì Thủ Cờ Vây - Ultimate Edition ( Chọn Tập)
278894059,"Sách Mình Chia Tay Rồi, Có Nhớ Không?"
278729078,Masamune Báo Thù [Chọn Tập Lẻ
278729052,Doraemon Movie Story Màu - Phiên Bản Mới: Nobita Và Binh Đoàn Người Sắt - Đôi Cánh Thiên Thần
278682211,Sách Vị Ngây Thơ
278572380,Perman - Cậu Bé Siêu Nhân
278516481,Sách Kiêu Hãnh Và Định Kiến
278377639,Sách Sứ Mệnh Hail Mary – Project Hail Mary
278229522,Boxset Nguyên Tội Của Takopi (2 Tập)
278159875,Sách Người Ăn Chay
277998048,Combo Doraemon Plus
277671463,Tình Yêu Nhân Vật Phụ
277591013,Bộ Truyện - Itto - Cơn lốc sân cỏ
276933755,Combo Giáo Trình Chuẩn HSK 4 Tập 1 - Sách Bài Học và Bài tập (Bộ 2 cuốn)
276933748,Combo Giáo Trình Chuẩn HSK 2 - Sách Bài Học và Bài tập (Bộ 2 cuốn)
276933747,Combo Giáo Trình Chuẩn YCT 1 - Sách Bài Học và Bài tập (Bộ 2 cuốn)
276471716,Sách Cách Sống
276019606,Sách Không Gia Đình (Tái Bản)
273691914,Sách Trăm năm cô đơn
272447731,Sách Xông vào lối âm dương
272058579,Sách Basic Ielts Listening (Quét Mã QR Để Nghe File MP3)
272003238,Nụ hôn tinh nghịch
271380890,Sách Đúng Việc
270113892,Sách Lược Sử Thế Giới Bằng Tranh - 15 - Phong Trào Đấu Tranh Giành Độc Lập Dân Tộc
241748808,Sách Giáo Trình Chuẩn HSK 1 Bài Học (Quét Mã QR Để Nghe File Mp3)
209389165,Bookmark kẹp sách giấy cứng
208198125,"Sách Dầu Mỏ, Tiền Bạc Và Quyền Lực (BC)"
200705632,Doraemon Movie Story: Nobita Và Người Khổng Lồ Xanh (Tái Bản 2022)
192909292,Sách Án Mạng Trên Chuyến Tàu Tốc Hành Phương Đông
179063553,Sách Hạ Đỏ
139303869,Sách Nghệ Thuật Tinh Tế Của Việc Đếch Quan Tâm (Tái Bản)
111537683,Sách Và Rồi Chẳng Còn Ai (Agatha Christie)
74021317,Sách Cây Cam Ngọt Của Tôi
32490132,Sách Một Đời Như Kẻ Tìm Đường
17493916,Sách Luyện Nói Tiếng Trung Quốc Cấp Tốc Cho Người Bắt Đầu - Tập 1 (Kèm file MP3) (Tái Bản)
13446508,Sách Cánh Đồng Bất Tận (Tái Bản)
7982628,Sách Suối Nguồn (Tái Bản)
7833728,Sách Dạy Con Làm Giàu (Tập 1) - Để Không Có Tiền Vẫn Tạo Ra Tiền - Cha Giàu Cha Nghèo (Tái Bản)
1534613,Sách Giáo Trình Chuẩn HSK 5 Bài Học (Tập 1)
1080002,Sách Boxset Harry Potter - Tiếng Việt (Trọn Bộ 7 Tập)
279148199,Sách - Lá Hoa Trên Đường Về - Sa Môn Thích Pháp Hoà - Tặng Kèm Bookmark Lá Bồ Đề Random 1 Trong 3 Mẫu + Bookmark + Postcard
278949619,Quý tộc nhà nông - Tập 7 (Tặng kèm Hộp tự lắp Arakawa Milk)
278859517,Sách Thương Tiến Tửu
278788044,Sách BEASTARS [Chọn Tập Lẻ
278724728,Sách Giải Mã Tâm Lý Hành Vi Về Tiền
278706881,Itto - Sóng Gió Cầu Trường - [Tái Bản 2025
278572376,Combo Perman - Cậu Bé Siêu Nhân
278110636,Sách Kẻ Trộm Cà Chua
278106457,Quả Ngọt Năm Tháng (Combo 2 Tập)
277622005,Sách Boxset Cá Voi Đêm Bão Và Những Câu Chuyện Khác (5 Cuốn)
277543284,Kotaro sống một mình
277397107,Sách Phía Đông Vườn Địa Đàng
276944781,Sách Công Cụ Của Những Người Khổng Lồ
275362670,Sakamoto Days Sát thủ huyền thoại [Chọn Tập Lẻ
273819808,Sách Tâm Lý Học Về Tiền
273355948,Sách Bình Minh U Uẩn
273219497,Series các tập Moriarty the patriot
271118010,Sách Giao Tiếp Bất Bạo Động (Nonviolent Communication)
263514100,Sách Liệu Pháp Chữa Bệnh - Khu Phản Xạ
263070154,Sách Giải mã Hoóc-môn Dopamine
